<?xml version="1.0" encoding="UTF-8"?>
<project-private xmlns="http://www.netbeans.org/ns/project-private/1">
    <editor-bookmarks xmlns="http://www.netbeans.org/ns/editor-bookmarks/2" lastBookmarkId="0"/>
    <open-files xmlns="http://www.netbeans.org/ns/projectui-open-files/2">
        <group>
            <file>file:/C:/Users/vinny/OneDrive/Documents/NetBeansProjects/Projeto%20Leo/src/Controller/ProdutoController.java</file>
            <file>file:/C:/Users/vinny/OneDrive/Documents/NetBeansProjects/Projeto%20Leo/src/View/PrincipalView.java</file>
            <file>file:/C:/Users/vinny/OneDrive/Documents/NetBeansProjects/Projeto%20Leo/src/Model/ProdutoTM.java</file>
            <file>file:/C:/Users/vinny/OneDrive/Documents/NetBeansProjects/Projeto%20Leo/src/DAO/ProdutoDAO.java</file>
        </group>
    </open-files>
</project-private>
